Business/Property Name & Category,City & Exact Location,Property Size,Existing Interiors & Infrastructure,Current Operational Status,Footfall & Location Potential,Asking Price / Investment Required,Reason for Sale / Partnership,Owner/Broker Contact Details,Listing Platform & Source Link,Images / Google Drive Link,Key Observations & Recommendations,Priority & Follow-up Status,Remarks,Co-Branding Intent Score,Opportunity Type,Co-Branding Pitch Angle
Hyderabadi Business sales (Restaurant & Cafe),"Hyderabad, India",Size on Request,Fully furnished & operational commercial setup with standard fixtures and equipment,Running Business / Active Operations,Prime location with high surrounding commercial footfall and revenue potential,Contact Owner for Price,Relocation / Shifting business focus,+918309979905,https://www.instagram.com/reel/Dc2L3Ahvvkg/,https://www.instagram.com/reel/Dc2L3Ahvvkg/,Active business acquisition opportunity in Hyderabad. Verified contact details available.,High Priority - Verified Phone Available,Source: Instagram Business Listing. Public OSINT listing.,Medium,Franchise Takeover,"Prime operational commercial setup in Hyderabad for brand co-branding, footfall sharing, and joint service offerings."
ReachHyd (Spa & Wellness),"Hyderabad, India","2,000 Sq. Ft",Fully furnished & operational commercial setup with standard fixtures and equipment,Running Business / Active Operations,Prime location with high surrounding commercial footfall and revenue potential,Contact Owner for Price,Relocation / Shifting business focus,+918008003960,https://www.instagram.com/reel/DdJW7JOsI8T/,https://www.instagram.com/reel/DdJW7JOsI8T/,Active business acquisition opportunity in Hyderabad. Verified contact details available.,High Priority - Verified Phone Available,Source: Instagram Business Listing. Public OSINT listing.,Medium,Co-Branding & Partnership Opportunity,"Prime operational commercial setup in Hyderabad for brand co-branding, footfall sharing, and joint service offerings."
Hyderabad Food Blogger (Restaurant & Cafe),"Hyderabad, India",Size on Request,Fully furnished & operational commercial setup with standard fixtures and equipment,Running Business / Active Operations,Prime location with high surrounding commercial footfall and revenue potential,Contact Owner for Price,Relocation / Shifting business focus,+919030058654,https://www.instagram.com/reel/DZ7ZSUWh9S1/,https://www.instagram.com/reel/DZ7ZSUWh9S1/,Active business acquisition opportunity in Hyderabad. Verified contact details available.,High Priority - Verified Phone Available,Source: Instagram Business Listing. Public OSINT listing.,Medium,Franchise Takeover,"Prime operational commercial setup in Hyderabad for brand co-branding, footfall sharing, and joint service offerings."
Veerendra Krishna Madivala (Restaurant & Cafe),"Bangalore, India",1500 Sqft,Fully furnished & operational commercial setup with standard fixtures and equipment,Running Business / Active Operations,Prime location with high surrounding commercial footfall and revenue potential,₹3 Lakh,Relocation / Shifting business focus,+918123089495,https://www.instagram.com/reel/Dc3VPjopWPE/,https://www.instagram.com/reel/Dc3VPjopWPE/,Active business acquisition opportunity in Bangalore. Verified contact details available.,High Priority - Verified Phone Available,Source: Instagram Business Listing. Public OSINT listing.,Medium,Franchise Takeover,"Prime operational commercial setup in Bangalore for brand co-branding, footfall sharing, and joint service offerings."
Alwal Suchitra Kompally (Spa & Wellness),"India, India",Size on Request,Fully furnished & operational commercial setup with standard fixtures and equipment,Running Business / Active Operations,Prime location with high surrounding commercial footfall and revenue potential,₹19.9 LAKH,Relocation / Shifting business focus,+919989559998,https://www.instagram.com/reel/Dcn4WnwP8O3/,https://www.instagram.com/reel/Dcn4WnwP8O3/,Active business acquisition opportunity in India. Verified contact details available.,High Priority - Verified Phone Available,Source: Instagram Business Listing. Public OSINT listing.,Medium,Franchise Takeover,"Prime operational commercial setup in India for brand co-branding, footfall sharing, and joint service offerings."
Altaf Hussin (Spa & Wellness),"India, India",Size on Request,Fully furnished & operational commercial setup with standard fixtures and equipment,Running Business / Active Operations,Prime location with high surrounding commercial footfall and revenue potential,Contact Owner for Price,Relocation / Shifting business focus,+918978943012,https://www.instagram.com/reel/DdMnQcayl0r/,https://www.instagram.com/reel/DdMnQcayl0r/,Active business acquisition opportunity in India. Verified contact details available.,High Priority - Verified Phone Available,Source: Instagram Business Listing. Public OSINT listing.,Medium,Franchise Takeover,"Prime operational commercial setup in India for brand co-branding, footfall sharing, and joint service offerings."
iffu☺️ (Fitness & Gym),"India, India",Size on Request,Fully furnished & operational commercial setup with standard fixtures and equipment,Running Business / Active Operations,Prime location with high surrounding commercial footfall and revenue potential,Contact Owner for Price,Relocation / Shifting business focus,+917899515780,https://www.instagram.com/reel/DdTq9lDP_7Z/,https://www.instagram.com/reel/DdTq9lDP_7Z/,Active business acquisition opportunity in India. Verified contact details available.,High Priority - Verified Phone Available,Source: Instagram Business Listing. Public OSINT listing.,Medium,Franchise Takeover,"Prime operational commercial setup in India for brand co-branding, footfall sharing, and joint service offerings."
Hyderabad Properties (Salon & Wellness),"Hyderabad, India",Size on Request,Fully furnished & operational commercial setup with standard fixtures and equipment,Running Business / Active Operations,Prime location with high surrounding commercial footfall and revenue potential,₹38 Lakhs,Relocation / Shifting business focus,+919133444115,https://www.instagram.com/reel/DdIPtzxTg1i/,https://www.instagram.com/reel/DdIPtzxTg1i/,Active business acquisition opportunity in Hyderabad. Verified contact details available.,High Priority - Verified Phone Available,Source: Instagram Business Listing. Public OSINT listing.,Medium,Franchise Takeover,"Prime operational commercial setup in Hyderabad for brand co-branding, footfall sharing, and joint service offerings."
Dhanalaxmi Properties (Spa & Wellness),"Hyderabad, India",Size on Request,Fully furnished & operational commercial setup with standard fixtures and equipment,Running Business / Active Operations,Prime location with high surrounding commercial footfall and revenue potential,Contact Owner for Price,Relocation / Shifting business focus,+919000179848,https://www.instagram.com/reel/DcvjeDJSKZZ/,https://www.instagram.com/reel/DcvjeDJSKZZ/,Active business acquisition opportunity in Hyderabad. Verified contact details available.,High Priority - Verified Phone Available,Source: Instagram Business Listing. Public OSINT listing.,Medium,Franchise Takeover,"Prime operational commercial setup in Hyderabad for brand co-branding, footfall sharing, and joint service offerings."
Instagram (Spa & Wellness),"Mumbai, India",500 sqft,Fully furnished & operational commercial setup with standard fixtures and equipment,Running Business / Active Operations,Prime location with high surrounding commercial footfall and revenue potential,Contact Owner for Price,Relocation / Shifting business focus,+919004403374,https://www.instagram.com/reel/DdXEoo8NhXw/,https://www.instagram.com/reel/DdXEoo8NhXw/,Active business acquisition opportunity in Mumbai. Verified contact details available.,High Priority - Verified Phone Available,Source: Instagram Business Listing. Public OSINT listing.,Medium,Franchise Takeover,"Prime operational commercial setup in Mumbai for brand co-branding, footfall sharing, and joint service offerings."
Rameez Properties (Salon & Wellness),"Mumbai, India",Size on Request,Fully furnished & operational commercial setup with standard fixtures and equipment,Running Business / Active Operations,Prime location with high surrounding commercial footfall and revenue potential,Contact Owner for Price,Relocation / Shifting business focus,+918433633914,https://www.instagram.com/reel/Dcv5OYDBeHc/,https://www.instagram.com/reel/Dcv5OYDBeHc/,Active business acquisition opportunity in Mumbai. Verified contact details available.,High Priority - Verified Phone Available,Source: Instagram Business Listing. Public OSINT listing.,Medium,Franchise Takeover,"Prime operational commercial setup in Mumbai for brand co-branding, footfall sharing, and joint service offerings."
Gaurav Bodhija (Salon & Wellness),"Mumbai, India",Size on Request,Fully furnished & operational commercial setup with standard fixtures and equipment,Running Business / Active Operations,Prime location with high surrounding commercial footfall and revenue potential,Contact Owner for Price,Relocation / Shifting business focus,+917304811232,https://www.instagram.com/reel/Dc0Y28fxmiZ/,https://www.instagram.com/reel/Dc0Y28fxmiZ/,Active business acquisition opportunity in Mumbai. Verified contact details available.,High Priority - Verified Phone Available,Source: Instagram Business Listing. Public OSINT listing.,Medium,Franchise Takeover,"Prime operational commercial setup in Mumbai for brand co-branding, footfall sharing, and joint service offerings."
Salonspa Connection (Salon),"Gurgaon, India",1600sqft,Fully furnished & operational commercial setup with standard fixtures and equipment,Running Business / Active Operations,Prime location with high surrounding commercial footfall and revenue potential,Contact Owner for Price,Relocation / Shifting business focus,+919999947324,https://www.facebook.com/salonspaconnection/,https://www.facebook.com/salonspaconnection/,Active business acquisition opportunity in Gurgaon. Verified contact details available.,High Priority - Verified Phone Available,Source: Facebook Listing. Public OSINT listing.,Medium,Franchise Takeover,"Prime operational commercial setup in Gurgaon for brand co-branding, footfall sharing, and joint service offerings."
Restaurant for sale in India (Restaurant & Cafe),"Nagpur, India","4,000 Sq. Ft",Fully furnished & operational commercial setup with standard fixtures and equipment,Running Business / Active Operations,Prime location with high surrounding commercial footfall and revenue potential,₹15 Lakh,Partnership split / seeking active investor,+919871937327,https://www.facebook.com/restaurantforsaleinindia/,https://www.facebook.com/restaurantforsaleinindia/,Active business acquisition opportunity in Nagpur. Verified contact details available.,High Priority - Verified Phone Available,Source: Facebook Listing. Public OSINT listing.,Medium,Franchise Takeover,"Prime operational commercial setup in Nagpur for brand co-branding, footfall sharing, and joint service offerings."
Running Restaurant & Cafe for Sale / Takeover (Restaurant & Cafe),"Bangalore, India",Size on Request,Fully furnished & operational commercial setup with standard fixtures and equipment,Running Business / Active Operations,Prime location with high surrounding commercial footfall and revenue potential,₹6.5 LAKH,Relocation / Shifting business focus,+917483381244,https://www.facebook.com/bangloremarket/videos/ഇലക്ട്രോണിക്ക്-സിറ്റിയിൽ-1-phase-ൽ-നടന്നുകൊണ്ടിരിക്കുന്നകഫെ-വില്പനക്ക്-running-f/1763513334649176/,https://www.facebook.com/bangloremarket/videos/ഇലക്ട്രോണിക്ക്-സിറ്റിയിൽ-1-phase-ൽ-നടന്നുകൊണ്ടിരിക്കുന്നകഫെ-വില്പനക്ക്-running-f/1763513334649176/,Active business acquisition opportunity in Bangalore. Verified contact details available.,High Priority - Verified Phone Available,Source: Facebook Listing. Public OSINT listing.,Medium,Franchise Takeover,"Prime operational commercial setup in Bangalore for brand co-branding, footfall sharing, and joint service offerings."
Running salon sale in bangalore Contact 7892035286 (Salon),"Bangalore, India",Size on Request,Fully furnished & operational commercial setup with standard fixtures and equipment,Running Business / Active Operations,Prime location with high surrounding commercial footfall and revenue potential,Contact Owner for Price,Owner migrating abroad / relocating,+917892035286,https://www.facebook.com/groups/693999482392370/posts/1249110256881287/,https://www.facebook.com/groups/693999482392370/posts/1249110256881287/,Active business acquisition opportunity in Bangalore. Verified contact details available.,High Priority - Verified Phone Available,Source: Facebook Listing. Public OSINT listing.,Medium,Franchise Takeover,"Prime operational commercial setup in Bangalore for brand co-branding, footfall sharing, and joint service offerings."
Running Café for Sale in Bangalore Contact (Restaurant & Cafe),"Bangalore, India",Size on Request,Fully furnished & operational commercial setup with standard fixtures and equipment,Running Business / Active Operations,Prime location with high surrounding commercial footfall and revenue potential,Contact Owner for Price,Relocation / Shifting business focus,+919945526632,https://www.facebook.com/directtocustomerz/videos/-running-café-for-sale-in-bangalore-contact-9945526632looking-for-a-profitable-f/1576795597190588/,https://www.facebook.com/directtocustomerz/videos/-running-café-for-sale-in-bangalore-contact-9945526632looking-for-a-profitable-f/1576795597190588/,Active business acquisition opportunity in Bangalore. Verified contact details available.,High Priority - Verified Phone Available,Source: Facebook Listing. Public OSINT listing.,Medium,Franchise Takeover,"Prime operational commercial setup in Bangalore for brand co-branding, footfall sharing, and joint service offerings."
