Business / Clinic Name & Category,City & Location,Contact Person / Owner / Decision Maker Title,Standardized Contact Phone Number (+91XXXXXXXXXX),Email Address (if available),Website / Source Profile Link,Current Setup / Infrastructure Notes,Franchise Partnership Pitch Suitability & Priority Status
Physiometrix (Physiotherapy Clinic / Rehab Center),"Delhi, India",Gym / Clinic Owner & Managing Director,+918873068431,N/A,https://physiometrix.in/,Operational clinic/gym facility (suitable for 900–1500+ sq ft integration) with existing wellness clientele and rehab infrastructure,High Priority - Ideal candidate for Nonstop PhysioCare franchise/co-branding integration
ANEWWMOTION (Physiotherapy Clinic / Rehab Center),"Delhi, India",Gym / Clinic Owner & Managing Director,+919155155731,help@anewwmotion.com,https://anewwmotion.com/,Operational clinic/gym facility (suitable for 900–1500+ sq ft integration) with existing wellness clientele and rehab infrastructure,High Priority - Ideal candidate for Nonstop PhysioCare franchise/co-branding integration
"Physiotherapist in Delhi,NCR (Physiotherapy Clinic / Rehab Center)","Delhi, India",Doctor / Clinic Director / Founder,+919910357700,N/A,https://www.drjayanthealinghands.com/,Operational clinic/gym facility (suitable for 900–1500+ sq ft integration) with existing wellness clientele and rehab infrastructure,High Priority - Ideal candidate for Nonstop PhysioCare franchise/co-branding integration
"Physiotherapist in Santacruz West, Mumbai (Physiotherapy Clinic / Rehab Center)","Mumbai, India",Gym / Clinic Owner & Managing Director,+919920991584,N/A,https://reliva.in/physiotherapy-clinics/santacruz-west-mumbai/,Operational clinic/gym facility (suitable for 900–1500+ sq ft integration) with existing wellness clientele and rehab infrastructure,High Priority - Ideal candidate for Nonstop PhysioCare franchise/co-branding integration
"Physiotherapy Clinic in Mumbai, Best Physiotherapist in Mumbai, Juhu (Physiotherapy Clinic / Rehab Center)","Mumbai, India",Gym / Clinic Owner & Managing Director,+919987988888,sparcphysiotherapy@gmail.com,http://sparcphysio.in/,Operational clinic/gym facility (suitable for 900–1500+ sq ft integration) with existing wellness clientele and rehab infrastructure,High Priority - Ideal candidate for Nonstop PhysioCare franchise/co-branding integration
Contact The Best Physiotherapy Clinic in Mumbai (Physiotherapy Clinic / Rehab Center),"Mumbai, India",Gym / Clinic Owner & Managing Director,+919653249114,dramit@physiotherapycure.com,https://physiotherapycure.com/contact-us,Operational clinic/gym facility (suitable for 900–1500+ sq ft integration) with existing wellness clientele and rehab infrastructure,High Priority - Ideal candidate for Nonstop PhysioCare franchise/co-branding integration
PHYSIO (Physiotherapy Clinic / Rehab Center),"Mumbai, India",Gym / Clinic Owner & Managing Director,+918543546578,sussainbahl@gmail.com,https://www.physiotherapyinandheri.in/,Operational clinic/gym facility (suitable for 900–1500+ sq ft integration) with existing wellness clientele and rehab infrastructure,High Priority - Ideal candidate for Nonstop PhysioCare franchise/co-branding integration
Physiotherapy at Home in Mumbai (Physiotherapy Clinic / Rehab Center),"Mumbai, India",Gym / Clinic Owner & Managing Director,+919100907036,N/A,https://medifyhome.com/physiotherapy-at-home-in-mumbai/,Operational clinic/gym facility (suitable for 900–1500+ sq ft integration) with existing wellness clientele and rehab infrastructure,High Priority - Ideal candidate for Nonstop PhysioCare franchise/co-branding integration
Contact Quantum Physiotherapy Bangalore (Physiotherapy Clinic / Rehab Center),"Bangalore, India",Gym / Clinic Owner & Managing Director,+919742792625,N/A,https://quantumphysio.com/contact-us/,Operational clinic/gym facility (suitable for 900–1500+ sq ft integration) with existing wellness clientele and rehab infrastructure,High Priority - Ideal candidate for Nonstop PhysioCare franchise/co-branding integration
"Physiotherapy in Bangalore, Inside 50+ Hospitals (Physiotherapy Clinic / Rehab Center)","Bangalore, India",Gym / Clinic Owner & Managing Director,+919880849999,N/A,https://prophysio.ai/,Operational clinic/gym facility (suitable for 900–1500+ sq ft integration) with existing wellness clientele and rehab infrastructure,High Priority - Ideal candidate for Nonstop PhysioCare franchise/co-branding integration
Best Physiotherapy Clinic/Hospital in Hyderabad (Physiotherapy Clinic / Rehab Center),"Hyderabad, India",Gym / Clinic Owner & Managing Director,+918951047001,info@physiotattva.com,https://www.physiotattva.com/hyderabad,Operational clinic/gym facility (suitable for 900–1500+ sq ft integration) with existing wellness clientele and rehab infrastructure,High Priority - Ideal candidate for Nonstop PhysioCare franchise/co-branding integration
PHYSIOTHERAPY TREATMENT AT HOME IN HYDERABAD (Physiotherapy Clinic / Rehab Center),"Hyderabad, India",Gym / Clinic Owner & Managing Director,+917507797087,N/A,https://www.physioncare.com/physiotherapy-in-hyderabad,Operational clinic/gym facility (suitable for 900–1500+ sq ft integration) with existing wellness clientele and rehab infrastructure,High Priority - Ideal candidate for Nonstop PhysioCare franchise/co-branding integration
Advance Physiotherapy clinic (Physiotherapy Clinic / Rehab Center),"Pune, India",Gym / Clinic Owner & Managing Director,+918983377312,N/A,https://advancephysiotherapyclinic.co.in/contact.html,Operational clinic/gym facility (suitable for 900–1500+ sq ft integration) with existing wellness clientele and rehab infrastructure,High Priority - Ideal candidate for Nonstop PhysioCare franchise/co-branding integration
Contact Us – Physicare Physiotherapy Clinic (Physiotherapy Clinic / Rehab Center),"Pune, India",Gym / Clinic Owner & Managing Director,+918805077317,physicarephysio99@gmail.com,https://physicarephysiotherapyclinic.com/contact-us/,Operational clinic/gym facility (suitable for 900–1500+ sq ft integration) with existing wellness clientele and rehab infrastructure,High Priority - Ideal candidate for Nonstop PhysioCare franchise/co-branding integration
Best Physiotherapy Clinic in Pune (Physiotherapy Clinic / Rehab Center),"Pune, India",Gym / Clinic Owner & Managing Director,+917774040002,N/A,https://www.punespine.com/physiotherapy-in-pune/,Operational clinic/gym facility (suitable for 900–1500+ sq ft integration) with existing wellness clientele and rehab infrastructure,High Priority - Ideal candidate for Nonstop PhysioCare franchise/co-branding integration
Page (Gym & Fitness Center),"Delhi, India",Gym / Clinic Owner & Managing Director,+919999967088,N/A,https://ncrcities.com/lifestyle/fitness.html?slimit=172,Operational clinic/gym facility (suitable for 900–1500+ sq ft integration) with existing wellness clientele and rehab infrastructure,High Priority - Ideal candidate for Nonstop PhysioCare franchise/co-branding integration
Nitrro (Gym & Fitness Center),"Mumbai, India",Gym / Clinic Owner & Managing Director,+919136696232,info@nitrro.in,https://nitrro.in/,Operational clinic/gym facility (suitable for 900–1500+ sq ft integration) with existing wellness clientele and rehab infrastructure,High Priority - Ideal candidate for Nonstop PhysioCare franchise/co-branding integration
Gym Near Me (Gym & Fitness Center),"Mumbai, India",Gym / Clinic Owner & Managing Director,+919967474003,N/A,https://www.plusfitness.co.in/gyms/,Operational clinic/gym facility (suitable for 900–1500+ sq ft integration) with existing wellness clientele and rehab infrastructure,High Priority - Ideal candidate for Nonstop PhysioCare franchise/co-branding integration
P9 Fitness Gym (Gym & Fitness Center),"Pune, India",Gym / Clinic Owner & Managing Director,+919765581509,N/A,https://www.facebook.com/hardcorefitnesspune/,Operational clinic/gym facility (suitable for 900–1500+ sq ft integration) with existing wellness clientele and rehab infrastructure,High Priority - Ideal candidate for Nonstop PhysioCare franchise/co-branding integration
Indiachiropractic (Chiropractic & Yoga/Pilates Studio),"Bangalore, India",Doctor / Clinic Director / Founder,+919880487445,info@indiachiropractic.org,https://indiachiropractic.org/contact-us/,Operational clinic/gym facility (suitable for 900–1500+ sq ft integration) with existing wellness clientele and rehab infrastructure,High Priority - Ideal candidate for Nonstop PhysioCare franchise/co-branding integration
Atlaschiroindia (Wellness & Orthopedic Center),"Delhi NCR / Metro India, India",Gym / Clinic Owner & Managing Director,+919606270202,indiranagar@atlaschiroindia.com,https://www.atlaschiroindia.com/contact.html,Operational clinic/gym facility (suitable for 900–1500+ sq ft integration) with existing wellness clientele and rehab infrastructure,High Priority - Ideal candidate for Nonstop PhysioCare franchise/co-branding integration
Contact Realign Chiropractic Clinic in Hyderabad (Chiropractic & Yoga/Pilates Studio),"Hyderabad, India",Gym / Clinic Owner & Managing Director,+919642222156,N/A,https://realignchiro.in/contact-us/,Operational clinic/gym facility (suitable for 900–1500+ sq ft integration) with existing wellness clientele and rehab infrastructure,High Priority - Ideal candidate for Nonstop PhysioCare franchise/co-branding integration
Srapilatesfitness (Gym & Fitness Center),"Mumbai, India",Gym / Clinic Owner & Managing Director,+917506036731,N/A,https://www.srapilatesfitness.com/contact,Operational clinic/gym facility (suitable for 900–1500+ sq ft integration) with existing wellness clientele and rehab infrastructure,High Priority - Ideal candidate for Nonstop PhysioCare franchise/co-branding integration
Varsha Wellness and Fitness Center (@varsha.wellness ... (Gym & Fitness Center),"Delhi NCR / Metro India, India",Gym / Clinic Owner & Managing Director,+919209676913,N/A,https://www.instagram.com/varsha.wellness__/,Operational clinic/gym facility (suitable for 900–1500+ sq ft integration) with existing wellness clientele and rehab infrastructure,High Priority - Ideal candidate for Nonstop PhysioCare franchise/co-branding integration
SLAM Fitness  • Instagram photos and videos (Gym & Fitness Center),"Delhi NCR / Metro India, India",Gym / Clinic Owner & Managing Director,+918489926866,N/A,https://www.instagram.com/slamfitnessstudio/,Operational clinic/gym facility (suitable for 900–1500+ sq ft integration) with existing wellness clientele and rehab infrastructure,High Priority - Ideal candidate for Nonstop PhysioCare franchise/co-branding integration
KARNA. (Gym & Fitness Center),"Bangalore, India",Gym / Clinic Owner & Managing Director,+919611383036,fitnesshonor.kanakapuraroad@gmail.com,https://www.instagram.com/reel/DcjSQeMTTZY/,Operational clinic/gym facility (suitable for 900–1500+ sq ft integration) with existing wellness clientele and rehab infrastructure,High Priority - Ideal candidate for Nonstop PhysioCare franchise/co-branding integration
