Business / Clinic Name & Category,City & Location,Contact Person / Owner / Decision Maker Title,Standardized Contact Phone Number (+91XXXXXXXXXX),Email Address (if available),Website / Source Profile Link,Current Setup / Infrastructure Notes,Franchise Partnership Pitch Suitability & Priority Status,Co-Branding Intent Score,Opportunity Type,Co-Branding Pitch Angle
Physiotherapist in Delhi (Physiotherapy Clinic / Rehab Center),"Delhi, India",Gym / Clinic Owner & Managing Director,+919540310091,N/A,https://www.delhiphysio.com/,Operational clinic/gym facility (suitable for 900–1500+ sq ft integration) with existing wellness clientele and rehab infrastructure,High Priority - Ideal candidate for Nonstop PhysioCare franchise/co-branding integration,Medium,Co-Branding & Clinic Expansion Partnership,"Existing physiotherapy setup in Delhi ideal for Nonstop PhysioCare co-branding, tech integration, and extended patient inflow."
"Physiotherapist in Delhi,NCR (Physiotherapy Clinic / Rehab Center)","Delhi, India",Doctor / Clinic Director / Founder,+919910357700,N/A,https://www.drjayanthealinghands.com/,Operational clinic/gym facility (suitable for 900–1500+ sq ft integration) with existing wellness clientele and rehab infrastructure,High Priority - Ideal candidate for Nonstop PhysioCare franchise/co-branding integration,Medium,Co-Branding & Clinic Expansion Partnership,"Existing physiotherapy setup in Delhi ideal for Nonstop PhysioCare co-branding, tech integration, and extended patient inflow."
Best Physiotherapists in Delhi (Physiotherapy Clinic / Rehab Center),"Mumbai, India",Doctor / Clinic Director / Founder,+917710777107,N/A,https://www.maxhealthcare.in/doctor/physiotherapist-in-delhi,Operational clinic/gym facility (suitable for 900–1500+ sq ft integration) with existing wellness clientele and rehab infrastructure,High Priority - Ideal candidate for Nonstop PhysioCare franchise/co-branding integration,Medium,Co-Branding & Clinic Expansion Partnership,"Existing physiotherapy setup in Mumbai ideal for Nonstop PhysioCare co-branding, tech integration, and extended patient inflow."
Genesisphysio (Physiotherapy Clinic / Rehab Center),"Mumbai, India",Gym / Clinic Owner & Managing Director,+919833211417,genesisphysio@gmail.com,https://genesisphysio.co.in/contact-us/,Operational clinic/gym facility (suitable for 900–1500+ sq ft integration) with existing wellness clientele and rehab infrastructure,High Priority - Ideal candidate for Nonstop PhysioCare franchise/co-branding integration,Medium,Franchise Takeover / Acquisition,"Existing physiotherapy setup in Mumbai ideal for Nonstop PhysioCare co-branding, tech integration, and extended patient inflow."
Om Physiotherapy Clinic (Physiotherapy Clinic / Rehab Center),"Delhi NCR / Metro India, India",Doctor / Clinic Director / Founder,+919892773328,N/A,https://yappe.in/maharashtra/mumbai/om-physiotherapy-clinic-dr-bhavna-chauhan-physiotherapist/1382910,Operational clinic/gym facility (suitable for 900–1500+ sq ft integration) with existing wellness clientele and rehab infrastructure,High Priority - Ideal candidate for Nonstop PhysioCare franchise/co-branding integration,Medium,Co-Branding & Clinic Expansion Partnership,"Existing physiotherapy setup in Delhi NCR / Metro India ideal for Nonstop PhysioCare co-branding, tech integration, and extended patient inflow."
Best Physiotherapy Clinic in Bangalore (Physiotherapy Clinic / Rehab Center),"Bangalore, India",Gym / Clinic Owner & Managing Director,+918951047001,info@physiotattva.com,https://www.physiotattva.com/bangalore,Operational clinic/gym facility (suitable for 900–1500+ sq ft integration) with existing wellness clientele and rehab infrastructure,High Priority - Ideal candidate for Nonstop PhysioCare franchise/co-branding integration,Medium,Co-Branding & Clinic Expansion Partnership,"Existing physiotherapy setup in Bangalore ideal for Nonstop PhysioCare co-branding, tech integration, and extended patient inflow."
Contact Quantum Physiotherapy Bangalore (Physiotherapy Clinic / Rehab Center),"Bangalore, India",Gym / Clinic Owner & Managing Director,+919742792625,N/A,https://quantumphysio.com/contact-us/,Operational clinic/gym facility (suitable for 900–1500+ sq ft integration) with existing wellness clientele and rehab infrastructure,High Priority - Ideal candidate for Nonstop PhysioCare franchise/co-branding integration,Medium,Co-Branding & Clinic Expansion Partnership,"Existing physiotherapy setup in Bangalore ideal for Nonstop PhysioCare co-branding, tech integration, and extended patient inflow."
"Physiotherapy in Bangalore, Inside 50+ Hospitals (Physiotherapy Clinic / Rehab Center)","Bangalore, India",Gym / Clinic Owner & Managing Director,+919880849999,N/A,https://prophysio.ai/,Operational clinic/gym facility (suitable for 900–1500+ sq ft integration) with existing wellness clientele and rehab infrastructure,High Priority - Ideal candidate for Nonstop PhysioCare franchise/co-branding integration,Medium,Co-Branding & Clinic Expansion Partnership,"Existing physiotherapy setup in Bangalore ideal for Nonstop PhysioCare co-branding, tech integration, and extended patient inflow."
Arogya Physiotherapy Bangalore (Physiotherapy Clinic / Rehab Center),"Bengaluru, India",Gym / Clinic Owner & Managing Director,+918951904100,N/A,https://www.arogyaphysiotherapy.com/,Operational clinic/gym facility (suitable for 900–1500+ sq ft integration) with existing wellness clientele and rehab infrastructure,High Priority - Ideal candidate for Nonstop PhysioCare franchise/co-branding integration,Medium,Co-Branding & Clinic Expansion Partnership,"Existing physiotherapy setup in Bengaluru ideal for Nonstop PhysioCare co-branding, tech integration, and extended patient inflow."
Swastyaphysio (Physiotherapy Clinic / Rehab Center),"Bengaluru, India",Gym / Clinic Owner & Managing Director,+919741259069,N/A,https://swastyaphysio.com/contact/,Operational clinic/gym facility (suitable for 900–1500+ sq ft integration) with existing wellness clientele and rehab infrastructure,High Priority - Ideal candidate for Nonstop PhysioCare franchise/co-branding integration,Medium,Co-Branding & Clinic Expansion Partnership,"Existing physiotherapy setup in Bengaluru ideal for Nonstop PhysioCare co-branding, tech integration, and extended patient inflow."
Pro Physiotherapy Bengaluru — FIFA (Physiotherapy Clinic / Rehab Center),"Bengaluru, India",Gym / Clinic Owner & Managing Director,+918951022334,N/A,https://prophysiotherapy.in/,Operational clinic/gym facility (suitable for 900–1500+ sq ft integration) with existing wellness clientele and rehab infrastructure,High Priority - Ideal candidate for Nonstop PhysioCare franchise/co-branding integration,Medium,Co-Branding & Clinic Expansion Partnership,"Existing physiotherapy setup in Bengaluru ideal for Nonstop PhysioCare co-branding, tech integration, and extended patient inflow."
Physiotherapy Center in Bangalore (Physiotherapy Clinic / Rehab Center),"Bengaluru, India",Gym / Clinic Owner & Managing Director,+919886658365,info@physio365.com,https://www.physio365.com/contact-us.html,Operational clinic/gym facility (suitable for 900–1500+ sq ft integration) with existing wellness clientele and rehab infrastructure,High Priority - Ideal candidate for Nonstop PhysioCare franchise/co-branding integration,Medium,Co-Branding & Clinic Expansion Partnership,"Existing physiotherapy setup in Bengaluru ideal for Nonstop PhysioCare co-branding, tech integration, and extended patient inflow."
Best Physiotherapy Clinic in Hyderabad (Physiotherapy Clinic / Rehab Center),"Hyderabad, India",Gym / Clinic Owner & Managing Director,+919920991584,N/A,https://reliva.in/physiotherapy-clinics/hyderabad/,Operational clinic/gym facility (suitable for 900–1500+ sq ft integration) with existing wellness clientele and rehab infrastructure,High Priority - Ideal candidate for Nonstop PhysioCare franchise/co-branding integration,Medium,Co-Branding & Clinic Expansion Partnership,"Existing physiotherapy setup in Hyderabad ideal for Nonstop PhysioCare co-branding, tech integration, and extended patient inflow."
PHYSIOTHERAPY TREATMENT AT HOME IN HYDERABAD (Physiotherapy Clinic / Rehab Center),"Hyderabad, India",Gym / Clinic Owner & Managing Director,+917507797087,N/A,https://www.physioncare.com/physiotherapy-in-hyderabad,Operational clinic/gym facility (suitable for 900–1500+ sq ft integration) with existing wellness clientele and rehab infrastructure,High Priority - Ideal candidate for Nonstop PhysioCare franchise/co-branding integration,Medium,Co-Branding & Clinic Expansion Partnership,"Existing physiotherapy setup in Hyderabad ideal for Nonstop PhysioCare co-branding, tech integration, and extended patient inflow."
Contact Us – Physicare Physiotherapy Clinic (Physiotherapy Clinic / Rehab Center),"Pune, India",Gym / Clinic Owner & Managing Director,+918805077317,physicarephysio99@gmail.com,https://physicarephysiotherapyclinic.com/contact-us/,Operational clinic/gym facility (suitable for 900–1500+ sq ft integration) with existing wellness clientele and rehab infrastructure,High Priority - Ideal candidate for Nonstop PhysioCare franchise/co-branding integration,Medium,Co-Branding & Clinic Expansion Partnership,"Existing physiotherapy setup in Pune ideal for Nonstop PhysioCare co-branding, tech integration, and extended patient inflow."
Best Physiotherapy Clinic in Pune (Physiotherapy Clinic / Rehab Center),"Pune, India",Gym / Clinic Owner & Managing Director,+917774040002,N/A,https://www.punespine.com/physiotherapy-in-pune/,Operational clinic/gym facility (suitable for 900–1500+ sq ft integration) with existing wellness clientele and rehab infrastructure,High Priority - Ideal candidate for Nonstop PhysioCare franchise/co-branding integration,Medium,Co-Branding & Clinic Expansion Partnership,"Existing physiotherapy setup in Pune ideal for Nonstop PhysioCare co-branding, tech integration, and extended patient inflow."
"PhysioActive — Fit & Agile Physiotherapy, Pune (Physiotherapy Clinic / Rehab Center)","Pune, India",Gym / Clinic Owner & Managing Director,+918888482556,N/A,https://punephysio.com/,Operational clinic/gym facility (suitable for 900–1500+ sq ft integration) with existing wellness clientele and rehab infrastructure,High Priority - Ideal candidate for Nonstop PhysioCare franchise/co-branding integration,Medium,Co-Branding & Clinic Expansion Partnership,"Existing physiotherapy setup in Pune ideal for Nonstop PhysioCare co-branding, tech integration, and extended patient inflow."
Advancephysiotherapyclinic (Physiotherapy Clinic / Rehab Center),"Pune, India",Gym / Clinic Owner & Managing Director,+918983377312,N/A,https://www.advancephysiotherapyclinic.co.in/contact.html,Operational clinic/gym facility (suitable for 900–1500+ sq ft integration) with existing wellness clientele and rehab infrastructure,High Priority - Ideal candidate for Nonstop PhysioCare franchise/co-branding integration,Medium,Co-Branding & Clinic Expansion Partnership,"Existing physiotherapy setup in Pune ideal for Nonstop PhysioCare co-branding, tech integration, and extended patient inflow."
Iphysio (Physiotherapy Clinic / Rehab Center),"Pune, India",Gym / Clinic Owner & Managing Director,+919764211456,N/A,https://www.iphysiopune.in/,Operational clinic/gym facility (suitable for 900–1500+ sq ft integration) with existing wellness clientele and rehab infrastructure,High Priority - Ideal candidate for Nonstop PhysioCare franchise/co-branding integration,Medium,Space Sharing / Cabin Partnership,"Existing physiotherapy setup in Pune ideal for Nonstop PhysioCare co-branding, tech integration, and extended patient inflow."
Physiotherapy Welfare Point (Physiotherapy Clinic / Rehab Center),"Chennai, India",Gym / Clinic Owner & Managing Director,+918122563923,N/A,https://physiotherapywelfarepoint.com/contact.php,Operational clinic/gym facility (suitable for 900–1500+ sq ft integration) with existing wellness clientele and rehab infrastructure,High Priority - Ideal candidate for Nonstop PhysioCare franchise/co-branding integration,Medium,Co-Branding & Clinic Expansion Partnership,"Existing physiotherapy setup in Chennai ideal for Nonstop PhysioCare co-branding, tech integration, and extended patient inflow."
"Best Physiotherapy Clinic in Anna Nagar, Chennai (Physiotherapy Clinic / Rehab Center)","Chennai, India",Gym / Clinic Owner & Managing Director,+917305274514,N/A,https://chennaiphysiocare.com/,Operational clinic/gym facility (suitable for 900–1500+ sq ft integration) with existing wellness clientele and rehab infrastructure,High Priority - Ideal candidate for Nonstop PhysioCare franchise/co-branding integration,Medium,Co-Branding & Clinic Expansion Partnership,"Existing physiotherapy setup in Chennai ideal for Nonstop PhysioCare co-branding, tech integration, and extended patient inflow."
Best Physiotherapy Center in Chennai (Physiotherapy Clinic / Rehab Center),"Chennai, India",Gym / Clinic Owner & Managing Director,+919043089262,N/A,https://www.synergyphysio.in/,Operational clinic/gym facility (suitable for 900–1500+ sq ft integration) with existing wellness clientele and rehab infrastructure,High Priority - Ideal candidate for Nonstop PhysioCare franchise/co-branding integration,Medium,Co-Branding & Clinic Expansion Partnership,"Existing physiotherapy setup in Chennai ideal for Nonstop PhysioCare co-branding, tech integration, and extended patient inflow."
Best Physiotherapy Clinic in Kolkata (Physiotherapy Clinic / Rehab Center),"Kolkata, India",Doctor / Clinic Director / Founder,+919674004799,N/A,https://shapeandstrength.com/physiotherapy/,Operational clinic/gym facility (suitable for 900–1500+ sq ft integration) with existing wellness clientele and rehab infrastructure,High Priority - Ideal candidate for Nonstop PhysioCare franchise/co-branding integration,Medium,Co-Branding & Clinic Expansion Partnership,"Existing physiotherapy setup in Kolkata ideal for Nonstop PhysioCare co-branding, tech integration, and extended patient inflow."
Physiotrix (Physiotherapy Clinic / Rehab Center),"Kolkata, India",Gym / Clinic Owner & Managing Director,+919051952221,N/A,https://physiotrix.com/,Operational clinic/gym facility (suitable for 900–1500+ sq ft integration) with existing wellness clientele and rehab infrastructure,High Priority - Ideal candidate for Nonstop PhysioCare franchise/co-branding integration,Medium,Co-Branding & Clinic Expansion Partnership,"Existing physiotherapy setup in Kolkata ideal for Nonstop PhysioCare co-branding, tech integration, and extended patient inflow."
Best Physiotherapy in Kolkata (Physiotherapy Clinic / Rehab Center),"Kolkata, India",Gym / Clinic Owner & Managing Director,+919163195759,N/A,https://swahealth.org/,Operational clinic/gym facility (suitable for 900–1500+ sq ft integration) with existing wellness clientele and rehab infrastructure,High Priority - Ideal candidate for Nonstop PhysioCare franchise/co-branding integration,Medium,Co-Branding & Clinic Expansion Partnership,"Existing physiotherapy setup in Kolkata ideal for Nonstop PhysioCare co-branding, tech integration, and extended patient inflow."
Best Physiotherapists in Kolkata (Physiotherapy Clinic / Rehab Center),"Kolkata, India",Gym / Clinic Owner & Managing Director,+919073355662,N/A,https://www.roywellnesscentre.com/,Operational clinic/gym facility (suitable for 900–1500+ sq ft integration) with existing wellness clientele and rehab infrastructure,High Priority - Ideal candidate for Nonstop PhysioCare franchise/co-branding integration,Medium,Co-Branding & Clinic Expansion Partnership,"Existing physiotherapy setup in Kolkata ideal for Nonstop PhysioCare co-branding, tech integration, and extended patient inflow."
H.O.M.E. Physiotherapy (Physiotherapy Clinic / Rehab Center),"Kochi, India",Gym / Clinic Owner & Managing Director,+919072919500,N/A,https://www.instagram.com/homephysiokochi/,Operational clinic/gym facility (suitable for 900–1500+ sq ft integration) with existing wellness clientele and rehab infrastructure,High Priority - Ideal candidate for Nonstop PhysioCare franchise/co-branding integration,Medium,Co-Branding & Clinic Expansion Partnership,"Existing physiotherapy setup in Kochi ideal for Nonstop PhysioCare co-branding, tech integration, and extended patient inflow."
Best Physiotherapist in Indore (Physiotherapy Clinic / Rehab Center),"Indore, India",Doctor / Clinic Director / Founder,+919303012307,N/A,https://indoresportsphysio.com/,Operational clinic/gym facility (suitable for 900–1500+ sq ft integration) with existing wellness clientele and rehab infrastructure,High Priority - Ideal candidate for Nonstop PhysioCare franchise/co-branding integration,Medium,Co-Branding & Clinic Expansion Partnership,"Existing physiotherapy setup in Indore ideal for Nonstop PhysioCare co-branding, tech integration, and extended patient inflow."
P9 Fitness Gym (Gym & Fitness Center),"Pune, India",Gym / Clinic Owner & Managing Director,+919765581509,N/A,https://www.facebook.com/hardcorefitnesspune/,Operational clinic/gym facility (suitable for 900–1500+ sq ft integration) with existing wellness clientele and rehab infrastructure,High Priority - Ideal candidate for Nonstop PhysioCare franchise/co-branding integration,Medium,Space Sharing / Cabin Partnership,High footfall fitness facility in Pune suitable for in-house PhysioCare rehab wing / clinic space integration.
Revoke Gym (Gym & Fitness Center),"Chennai, India",Gym / Clinic Owner & Managing Director,+917338816222,sales@revokegym.com,https://www.facebook.com/revokegym21/,Operational clinic/gym facility (suitable for 900–1500+ sq ft integration) with existing wellness clientele and rehab infrastructure,High Priority - Ideal candidate for Nonstop PhysioCare franchise/co-branding integration,Medium,Franchise Takeover / Acquisition,High footfall fitness facility in Chennai suitable for in-house PhysioCare rehab wing / clinic space integration.
Ignite101 Fitness Studio (Gym & Fitness Center),"Chennai, India",Gym / Clinic Owner & Managing Director,+919992126336,N/A,https://www.facebook.com/ignite101fitness/,Operational clinic/gym facility (suitable for 900–1500+ sq ft integration) with existing wellness clientele and rehab infrastructure,High Priority - Ideal candidate for Nonstop PhysioCare franchise/co-branding integration,Medium,Co-Branding & Clinic Expansion Partnership,High footfall fitness facility in Chennai suitable for in-house PhysioCare rehab wing / clinic space integration.
RNA fitness GYM (Gym & Fitness Center),"Kolkata, India",Gym / Clinic Owner & Managing Director,+917044939333,N/A,https://www.facebook.com/rnafitnessgym/,Operational clinic/gym facility (suitable for 900–1500+ sq ft integration) with existing wellness clientele and rehab infrastructure,High Priority - Ideal candidate for Nonstop PhysioCare franchise/co-branding integration,Medium,Co-Branding & Clinic Expansion Partnership,High footfall fitness facility in Kolkata suitable for in-house PhysioCare rehab wing / clinic space integration.
"Gyms in Kolkata, Fitness Centres, Gymnasium (Gym & Fitness Center)","Kolkata, India",Gym / Clinic Owner & Managing Director,+919875667579,N/A,https://www.sulekha.com/gyms/kolkata,Operational clinic/gym facility (suitable for 900–1500+ sq ft integration) with existing wellness clientele and rehab infrastructure,High Priority - Ideal candidate for Nonstop PhysioCare franchise/co-branding integration,Medium,Space Sharing / Cabin Partnership,High footfall fitness facility in Kolkata suitable for in-house PhysioCare rehab wing / clinic space integration.
Friends Gym (Gym & Fitness Center),"Jaipur, India",Gym / Clinic Owner & Managing Director,+919672281009,N/A,https://www.facebook.com/friendsgymofficial/,Operational clinic/gym facility (suitable for 900–1500+ sq ft integration) with existing wellness clientele and rehab infrastructure,High Priority - Ideal candidate for Nonstop PhysioCare franchise/co-branding integration,Medium,Co-Branding & Clinic Expansion Partnership,High footfall fitness facility in Jaipur suitable for in-house PhysioCare rehab wing / clinic space integration.
Fit7 Lucknow (Gym & Fitness Center),"Lucknow, India",Gym / Clinic Owner & Managing Director,+917704012345,N/A,https://www.facebook.com/Fit7ByMSDhoniLucknow/,Operational clinic/gym facility (suitable for 900–1500+ sq ft integration) with existing wellness clientele and rehab infrastructure,High Priority - Ideal candidate for Nonstop PhysioCare franchise/co-branding integration,Medium,Co-Branding & Clinic Expansion Partnership,High footfall fitness facility in Lucknow suitable for in-house PhysioCare rehab wing / clinic space integration.
Being fit Gym (Gym & Fitness Center),"Lucknow, India",Gym / Clinic Owner & Managing Director,+919554900090,N/A,https://www.facebook.com/profile.php/?id=100083329029646,Operational clinic/gym facility (suitable for 900–1500+ sq ft integration) with existing wellness clientele and rehab infrastructure,High Priority - Ideal candidate for Nonstop PhysioCare franchise/co-branding integration,Medium,Co-Branding & Clinic Expansion Partnership,High footfall fitness facility in Lucknow suitable for in-house PhysioCare rehab wing / clinic space integration.
Life In Motion Clinic (Physiotherapy & Fitness Center),"Delhi, India",Gym / Clinic Owner & Managing Director,+919811151085,N/A,https://www.lifeinmotionclinic.com/orthopaedic-specialists-india-contact-us,Operational clinic/gym facility (suitable for 900–1500+ sq ft integration) with existing wellness clientele and rehab infrastructure,High Priority - Ideal candidate for Nonstop PhysioCare franchise/co-branding integration,Medium,Co-Branding & Clinic Expansion Partnership,"Existing physiotherapy setup in Delhi ideal for Nonstop PhysioCare co-branding, tech integration, and extended patient inflow."
Spineandjointclinic (Wellness & Orthopedic Center),"Surat, India",Gym / Clinic Owner & Managing Director,+919537508837,info@spineandjointclinic.com,http://www.spineandjointclinic.com/contact,Operational clinic/gym facility (suitable for 900–1500+ sq ft integration) with existing wellness clientele and rehab infrastructure,High Priority - Ideal candidate for Nonstop PhysioCare franchise/co-branding integration,Medium,Co-Branding & Clinic Expansion Partnership,Established wellness center in Surat offers complementary synergy for joint PhysioCare co-branding.
"Spine & Joint Clinic / Dr Sanket Diwanji, 5th Floor, SNS Axis ...360 Spine and Joint Clinic, Maharaja Nagar, TirunelveliBook Appointment (Wellness & Orthopedic Center)","Delhi NCR / Metro India, India",Gym / Clinic Owner & Managing Director,+917722005009,mail@spinenjoint.com,https://bharatbz.com/gujarat/spine-joint-clinic-1164295,Operational clinic/gym facility (suitable for 900–1500+ sq ft integration) with existing wellness clientele and rehab infrastructure,High Priority - Ideal candidate for Nonstop PhysioCare franchise/co-branding integration,Medium,Co-Branding & Clinic Expansion Partnership,Established wellness center in Delhi NCR / Metro India offers complementary synergy for joint PhysioCare co-branding.
"Dr Prince Ayurveda Clinic, 2nd Main Road, #, फ़ोन +91 96866 44507Ashwini Homeo Clinic, 5th B Cross, 17th Main Rd, फ़ोन +91 ...91Springboard Indiranagar (Wellness & Orthopedic Center)","Bengaluru, India",Doctor / Clinic Director / Founder,+919686644507,N/A,https://bharatbz.com/karnataka/dr-prince-ayurveda-clinic-965129,Operational clinic/gym facility (suitable for 900–1500+ sq ft integration) with existing wellness clientele and rehab infrastructure,High Priority - Ideal candidate for Nonstop PhysioCare franchise/co-branding integration,Medium,Space Sharing / Cabin Partnership,Established wellness center in Bengaluru offers complementary synergy for joint PhysioCare co-branding.
Swaasthya Fitness & Physio (Physiotherapy Clinic / Rehab Center),"Bengaluru, India",Doctor / Clinic Director / Founder,+918050247888,N/A,https://www.facebook.com/swaasthya.fitness/,Operational clinic/gym facility (suitable for 900–1500+ sq ft integration) with existing wellness clientele and rehab infrastructure,High Priority - Ideal candidate for Nonstop PhysioCare franchise/co-branding integration,Medium,Co-Branding & Clinic Expansion Partnership,"Existing physiotherapy setup in Bengaluru ideal for Nonstop PhysioCare co-branding, tech integration, and extended patient inflow."
"ANVE Physiotherapy And Fitness Consultants, H 8, Block C ...www.91gym.comDr.STAIRS KMG (Physiotherapy Clinic / Rehab Center)","Bengaluru, India",Doctor / Clinic Director / Founder,+918310331077,N/A,https://bharatbz.com/delhi/anve-physiotherapy-and-fitness-consultants-210956,Operational clinic/gym facility (suitable for 900–1500+ sq ft integration) with existing wellness clientele and rehab infrastructure,High Priority - Ideal candidate for Nonstop PhysioCare franchise/co-branding integration,Medium,Co-Branding & Clinic Expansion Partnership,"Existing physiotherapy setup in Bengaluru ideal for Nonstop PhysioCare co-branding, tech integration, and extended patient inflow."
91gym  • Instagram photos and videoslyfemd.comPhysiotherapy (Physiotherapy Clinic / Rehab Center),"Delhi NCR / Metro India, India",Gym / Clinic Owner & Managing Director,+919155666607,N/A,https://www.instagram.com/91.gym/,Operational clinic/gym facility (suitable for 900–1500+ sq ft integration) with existing wellness clientele and rehab infrastructure,High Priority - Ideal candidate for Nonstop PhysioCare franchise/co-branding integration,High,Co-Branding & Clinic Expansion Partnership,"Existing physiotherapy setup in Delhi NCR / Metro India ideal for Nonstop PhysioCare co-branding, tech integration, and extended patient inflow."
"Call +91 8790032560, +91 7993822568 good news for doctors ... (Physiotherapy Clinic / Rehab Center)","Delhi NCR / Metro India, India",Doctor / Clinic Director / Founder,+918790032560,N/A,https://www.facebook.com/reel/1942029129934511/,Operational clinic/gym facility (suitable for 900–1500+ sq ft integration) with existing wellness clientele and rehab infrastructure,High Priority - Ideal candidate for Nonstop PhysioCare franchise/co-branding integration,Medium,Space Sharing / Cabin Partnership,"Existing physiotherapy setup in Delhi NCR / Metro India ideal for Nonstop PhysioCare co-branding, tech integration, and extended patient inflow."
Doctors (Physiotherapy & Fitness Center),"Delhi NCR / Metro India, India",Doctor / Clinic Director / Founder,+917209115575,hello@radiancepolyclinic.com,https://radiancepolyclinic.com/medical-doctors,Operational clinic/gym facility (suitable for 900–1500+ sq ft integration) with existing wellness clientele and rehab infrastructure,High Priority - Ideal candidate for Nonstop PhysioCare franchise/co-branding integration,Medium,Co-Branding & Clinic Expansion Partnership,"Existing physiotherapy setup in Delhi NCR / Metro India ideal for Nonstop PhysioCare co-branding, tech integration, and extended patient inflow."
Our Doctors (Physiotherapy & Fitness Center),"Delhi NCR / Metro India, India",Doctor / Clinic Director / Founder,+919395577044,N/A,https://northeastpolyclinic.org/doctors,Operational clinic/gym facility (suitable for 900–1500+ sq ft integration) with existing wellness clientele and rehab infrastructure,High Priority - Ideal candidate for Nonstop PhysioCare franchise/co-branding integration,Medium,Co-Branding & Clinic Expansion Partnership,"Existing physiotherapy setup in Delhi NCR / Metro India ideal for Nonstop PhysioCare co-branding, tech integration, and extended patient inflow."
Dr. Anil Chauhan PHYSIOTHERAPY CLINIC NOIDA (Physiotherapy Clinic / Rehab Center),"Noida, India",Doctor / Clinic Director / Founder,+917982799147,N/A,https://in.linkedin.com/in/physiotherapyclinicnoida,Operational clinic/gym facility (suitable for 900–1500+ sq ft integration) with existing wellness clientele and rehab infrastructure,High Priority - Ideal candidate for Nonstop PhysioCare franchise/co-branding integration,Medium,Co-Branding & Clinic Expansion Partnership,"Existing physiotherapy setup in Noida ideal for Nonstop PhysioCare co-branding, tech integration, and extended patient inflow."
Best Physiotherapy Clinic in Noida (Physiotherapy Clinic / Rehab Center),"Noida, India",Gym / Clinic Owner & Managing Director,+917669822220,N/A,https://myoreset.in/,Operational clinic/gym facility (suitable for 900–1500+ sq ft integration) with existing wellness clientele and rehab infrastructure,High Priority - Ideal candidate for Nonstop PhysioCare franchise/co-branding integration,Medium,Co-Branding & Clinic Expansion Partnership,"Existing physiotherapy setup in Noida ideal for Nonstop PhysioCare co-branding, tech integration, and extended patient inflow."
Contact Us – Atina Physiotherapy (Physiotherapy Clinic / Rehab Center),"Mumbai, India",Gym / Clinic Owner & Managing Director,+919920782422,atinarehab@gmail.com,https://atinaphysiotherapy.com/contact-us/,Operational clinic/gym facility (suitable for 900–1500+ sq ft integration) with existing wellness clientele and rehab infrastructure,High Priority - Ideal candidate for Nonstop PhysioCare franchise/co-branding integration,Medium,Co-Branding & Clinic Expansion Partnership,"Existing physiotherapy setup in Mumbai ideal for Nonstop PhysioCare co-branding, tech integration, and extended patient inflow."
Best Physiotherapist in Kharghar Navi Mumbai (Physiotherapy Clinic / Rehab Center),"Mumbai, India",Gym / Clinic Owner & Managing Director,+919833857855,N/A,https://pranavphysiorehab.in/,Operational clinic/gym facility (suitable for 900–1500+ sq ft integration) with existing wellness clientele and rehab infrastructure,High Priority - Ideal candidate for Nonstop PhysioCare franchise/co-branding integration,Medium,Co-Branding & Clinic Expansion Partnership,"Existing physiotherapy setup in Mumbai ideal for Nonstop PhysioCare co-branding, tech integration, and extended patient inflow."
"FlexifyMe Advanced Physiotherapy Clinic, Vashi, navi mumbai (Physiotherapy Clinic / Rehab Center)","Mumbai, India",Gym / Clinic Owner & Managing Director,+916746649196,N/A,https://clinics.flexifyme.com/flexifyme/navi-mumbai/vashi/flexifyme-advanced-physiotherapy-clinic-in-vashi-navi-mumbai--4gxgTt/articles/no-no-not-everything-you-hear-about-pain-and-physi--4cbfb057-bde0-4d94-8d85-1ca19247d11c,Operational clinic/gym facility (suitable for 900–1500+ sq ft integration) with existing wellness clientele and rehab infrastructure,High Priority - Ideal candidate for Nonstop PhysioCare franchise/co-branding integration,Medium,Co-Branding & Clinic Expansion Partnership,"Existing physiotherapy setup in Mumbai ideal for Nonstop PhysioCare co-branding, tech integration, and extended patient inflow."
"Sri Sapthagiri Physiotherapy Clinic, Sujatha Nagar ... (Physiotherapy Clinic / Rehab Center)","Visakhapatnam, India",Gym / Clinic Owner & Managing Director,+919724731236,N/A,https://www.justdial.com/Visakhapatnam/Sri-Sapthagiri-Physiotherapy-Clinic-Near-By-Aarogya-Hospital-Beside-Drug-Mart-Sujatha-Nagar/0891PX891-X891-180206034120-W8A8_BZDET,Operational clinic/gym facility (suitable for 900–1500+ sq ft integration) with existing wellness clientele and rehab infrastructure,High Priority - Ideal candidate for Nonstop PhysioCare franchise/co-branding integration,Medium,Co-Branding & Clinic Expansion Partnership,"Existing physiotherapy setup in Visakhapatnam ideal for Nonstop PhysioCare co-branding, tech integration, and extended patient inflow."
Sri Sapthagiri Physiotherapy Clinic (Physiotherapy Clinic / Rehab Center),"Visakhapatnam, India",Gym / Clinic Owner & Managing Director,+918121381501,N/A,https://yappe.in/andhra-pradesh/visakhapatnam/sri-sapthagiri-physiotherapy-clinic/280638,Operational clinic/gym facility (suitable for 900–1500+ sq ft integration) with existing wellness clientele and rehab infrastructure,High Priority - Ideal candidate for Nonstop PhysioCare franchise/co-branding integration,Medium,Co-Branding & Clinic Expansion Partnership,"Existing physiotherapy setup in Visakhapatnam ideal for Nonstop PhysioCare co-branding, tech integration, and extended patient inflow."
Contact Us – Global Performance Physiotherapy Centre (Physiotherapy Clinic / Rehab Center),"Surat, India",Gym / Clinic Owner & Managing Director,+919638748288,info@globalphysiosurat.com,https://www.globalphysiosurat.com/contact-us/,Operational clinic/gym facility (suitable for 900–1500+ sq ft integration) with existing wellness clientele and rehab infrastructure,High Priority - Ideal candidate for Nonstop PhysioCare franchise/co-branding integration,Medium,Co-Branding & Clinic Expansion Partnership,"Existing physiotherapy setup in Surat ideal for Nonstop PhysioCare co-branding, tech integration, and extended patient inflow."
Healing health Physiotherapy Clinic (Physiotherapy Clinic / Rehab Center),"Surat, India",Doctor / Clinic Director / Founder,+917861966956,N/A,https://www.facebook.com/HealingHealthPhysiotherapyClinic/about/,Operational clinic/gym facility (suitable for 900–1500+ sq ft integration) with existing wellness clientele and rehab infrastructure,High Priority - Ideal candidate for Nonstop PhysioCare franchise/co-branding integration,Medium,Co-Branding & Clinic Expansion Partnership,"Existing physiotherapy setup in Surat ideal for Nonstop PhysioCare co-branding, tech integration, and extended patient inflow."
Tapi physiotherapy clinic (Physiotherapy Clinic / Rehab Center),"Surat, India",Doctor / Clinic Director / Founder,+918799287855,N/A,https://www.instagram.com/dr.priyansi_physio/,Operational clinic/gym facility (suitable for 900–1500+ sq ft integration) with existing wellness clientele and rehab infrastructure,High Priority - Ideal candidate for Nonstop PhysioCare franchise/co-branding integration,Medium,Co-Branding & Clinic Expansion Partnership,"Existing physiotherapy setup in Surat ideal for Nonstop PhysioCare co-branding, tech integration, and extended patient inflow."
Physiotherapy Clinic (Physiotherapy Clinic / Rehab Center),"Delhi NCR / Metro India, India",Doctor / Clinic Director / Founder,+919099976744,N/A,https://yappe.in/gujarat/surat/physiotherapy-clinic-dr-isha-ujjval-gupta/1697343,Operational clinic/gym facility (suitable for 900–1500+ sq ft integration) with existing wellness clientele and rehab infrastructure,High Priority - Ideal candidate for Nonstop PhysioCare franchise/co-branding integration,Medium,Joint Venture / Equity Partnership,"Existing physiotherapy setup in Delhi NCR / Metro India ideal for Nonstop PhysioCare co-branding, tech integration, and extended patient inflow."
Thane West (Gym & Fitness Center),"Thane, India",Operations Manager / Facility Head,+918104355760,admanager@nitrro.in,https://nitrro.in/thane-west/,Operational clinic/gym facility (suitable for 900–1500+ sq ft integration) with existing wellness clientele and rehab infrastructure,High Priority - Ideal candidate for Nonstop PhysioCare franchise/co-branding integration,Medium,Co-Branding & Clinic Expansion Partnership,High footfall fitness facility in Thane suitable for in-house PhysioCare rehab wing / clinic space integration.
Universal Fitness Hub (Gym & Fitness Center),"Thane, India",Gym / Clinic Owner & Managing Director,+919920995588,N/A,https://www.facebook.com/100093280247218/,Operational clinic/gym facility (suitable for 900–1500+ sq ft integration) with existing wellness clientele and rehab infrastructure,High Priority - Ideal candidate for Nonstop PhysioCare franchise/co-branding integration,Medium,Co-Branding & Clinic Expansion Partnership,High footfall fitness facility in Thane suitable for in-house PhysioCare rehab wing / clinic space integration.
Fun & Fit Gym (Gym & Fitness Center),"Thane, India",Gym / Clinic Owner & Managing Director,+919594291976,support@funandfit.in,https://funandfit.in/contact-us.html,Operational clinic/gym facility (suitable for 900–1500+ sq ft integration) with existing wellness clientele and rehab infrastructure,High Priority - Ideal candidate for Nonstop PhysioCare franchise/co-branding integration,Medium,Co-Branding & Clinic Expansion Partnership,High footfall fitness facility in Thane suitable for in-house PhysioCare rehab wing / clinic space integration.
Zero (Gym & Fitness Center),"Thane, India",Gym / Clinic Owner & Managing Director,+919987758327,N/A,https://yappe.in/maharashtra/thane/zero-4-fitness/502245,Operational clinic/gym facility (suitable for 900–1500+ sq ft integration) with existing wellness clientele and rehab infrastructure,High Priority - Ideal candidate for Nonstop PhysioCare franchise/co-branding integration,Medium,Co-Branding & Clinic Expansion Partnership,High footfall fitness facility in Thane suitable for in-house PhysioCare rehab wing / clinic space integration.
Arogya Physiotherapy & Advanced Manual Therapy Clinic (Physiotherapy Clinic / Rehab Center),"Mumbai, India",Doctor / Clinic Director / Founder,+919094932208,N/A,https://www.facebook.com/arogyaphysiotherapy/,Operational clinic/gym facility (suitable for 900–1500+ sq ft integration) with existing wellness clientele and rehab infrastructure,High Priority - Ideal candidate for Nonstop PhysioCare franchise/co-branding integration,Medium,Co-Branding & Clinic Expansion Partnership,"Existing physiotherapy setup in Mumbai ideal for Nonstop PhysioCare co-branding, tech integration, and extended patient inflow."
The Wellness Clinic (Physiotherapy Clinic / Rehab Center),"Mumbai, India",Doctor / Clinic Director / Founder,+917605027777,N/A,https://www.facebook.com/TheWellnessClinicKolkata/,Operational clinic/gym facility (suitable for 900–1500+ sq ft integration) with existing wellness clientele and rehab infrastructure,High Priority - Ideal candidate for Nonstop PhysioCare franchise/co-branding integration,Medium,Co-Branding & Clinic Expansion Partnership,"Existing physiotherapy setup in Mumbai ideal for Nonstop PhysioCare co-branding, tech integration, and extended patient inflow."
Hplus Medical Co (Physiotherapy Clinic / Rehab Center),"Delhi, India",Gym / Clinic Owner & Managing Director,+916303285050,N/A,https://www.facebook.com/hpluscoworking/,Operational clinic/gym facility (suitable for 900–1500+ sq ft integration) with existing wellness clientele and rehab infrastructure,High Priority - Ideal candidate for Nonstop PhysioCare franchise/co-branding integration,Medium,Space Sharing / Cabin Partnership,"Existing physiotherapy setup in Delhi ideal for Nonstop PhysioCare co-branding, tech integration, and extended patient inflow."
Edge (Physiotherapy & Fitness Center),"Delhi NCR / Metro India, India",Gym / Clinic Owner & Managing Director,+919908085050,N/A,https://www.facebook.com/edgeclinic.medicalcoworkingspace/photos/bringing-to-you-edge-clinic-premium-medical-co-working-space-designed-for-doctor/122120870984771582/,Operational clinic/gym facility (suitable for 900–1500+ sq ft integration) with existing wellness clientele and rehab infrastructure,High Priority - Ideal candidate for Nonstop PhysioCare franchise/co-branding integration,Medium,Co-Branding & Clinic Expansion Partnership,"Existing physiotherapy setup in Delhi NCR / Metro India ideal for Nonstop PhysioCare co-branding, tech integration, and extended patient inflow."
PHYSIOTIMES (Physiotherapy Clinic / Rehab Center),"Delhi NCR / Metro India, India",Gym / Clinic Owner & Managing Director,+919426555599,N/A,https://www.facebook.com/physiotimes/posts/physio-clinic-available-for-rent-lease-in-ahmedabad-gujaratfully-equipped-well-d/736233576407427/,Operational clinic/gym facility (suitable for 900–1500+ sq ft integration) with existing wellness clientele and rehab infrastructure,High Priority - Ideal candidate for Nonstop PhysioCare franchise/co-branding integration,Medium,Space Sharing / Cabin Partnership,"Existing physiotherapy setup in Delhi NCR / Metro India ideal for Nonstop PhysioCare co-branding, tech integration, and extended patient inflow."
BIONIS REHABILITATION CENTER (Physiotherapy Clinic / Rehab Center),"Delhi NCR / Metro India, India",Doctor / Clinic Director / Founder,+917984364403,N/A,https://www.instagram.com/bionisclinic/,Operational clinic/gym facility (suitable for 900–1500+ sq ft integration) with existing wellness clientele and rehab infrastructure,High Priority - Ideal candidate for Nonstop PhysioCare franchise/co-branding integration,Medium,Co-Branding & Clinic Expansion Partnership,"Existing physiotherapy setup in Delhi NCR / Metro India ideal for Nonstop PhysioCare co-branding, tech integration, and extended patient inflow."
We Care Wellness Foundation (Physiotherapy Clinic / Rehab Center),"Delhi NCR / Metro India, India",Gym / Clinic Owner & Managing Director,+919833035936,N/A,https://www.instagram.com/wecarewf/,Operational clinic/gym facility (suitable for 900–1500+ sq ft integration) with existing wellness clientele and rehab infrastructure,High Priority - Ideal candidate for Nonstop PhysioCare franchise/co-branding integration,Medium,Co-Branding & Clinic Expansion Partnership,"Existing physiotherapy setup in Delhi NCR / Metro India ideal for Nonstop PhysioCare co-branding, tech integration, and extended patient inflow."
Dr.Sneha Ghosh (Physiotherapy Clinic / Rehab Center),"Delhi NCR / Metro India, India",Doctor / Clinic Director / Founder,+918935996701,N/A,https://www.instagram.com/reel/DcC2Nh5yOs3/,Operational clinic/gym facility (suitable for 900–1500+ sq ft integration) with existing wellness clientele and rehab infrastructure,High Priority - Ideal candidate for Nonstop PhysioCare franchise/co-branding integration,Medium,Co-Branding & Clinic Expansion Partnership,"Existing physiotherapy setup in Delhi NCR / Metro India ideal for Nonstop PhysioCare co-branding, tech integration, and extended patient inflow."
Target Walk (Physiotherapy Clinic / Rehab Center),"Delhi NCR / Metro India, India",Gym / Clinic Owner & Managing Director,+919818404331,N/A,https://www.instagram.com/reel/DNQBChaxfpu/,Operational clinic/gym facility (suitable for 900–1500+ sq ft integration) with existing wellness clientele and rehab infrastructure,High Priority - Ideal candidate for Nonstop PhysioCare franchise/co-branding integration,Medium,Co-Branding & Clinic Expansion Partnership,"Existing physiotherapy setup in Delhi NCR / Metro India ideal for Nonstop PhysioCare co-branding, tech integration, and extended patient inflow."
Sagars Rehab (Physiotherapy Clinic / Rehab Center),"Delhi NCR / Metro India, India",Gym / Clinic Owner & Managing Director,+919940547234,N/A,https://www.instagram.com/p/DcLr5fQlB7b/,Operational clinic/gym facility (suitable for 900–1500+ sq ft integration) with existing wellness clientele and rehab infrastructure,High Priority - Ideal candidate for Nonstop PhysioCare franchise/co-branding integration,Medium,Co-Branding & Clinic Expansion Partnership,"Existing physiotherapy setup in Delhi NCR / Metro India ideal for Nonstop PhysioCare co-branding, tech integration, and extended patient inflow."
Rewalk physiotherapy (Physiotherapy Clinic / Rehab Center),"Delhi NCR / Metro India, India",Doctor / Clinic Director / Founder,+919012107107,N/A,https://www.instagram.com/rewalkrobotic/reel/DcNZLb_k5jS/,Operational clinic/gym facility (suitable for 900–1500+ sq ft integration) with existing wellness clientele and rehab infrastructure,High Priority - Ideal candidate for Nonstop PhysioCare franchise/co-branding integration,Medium,Co-Branding & Clinic Expansion Partnership,"Existing physiotherapy setup in Delhi NCR / Metro India ideal for Nonstop PhysioCare co-branding, tech integration, and extended patient inflow."
The Best Physiotherapist Janakpuri (Physiotherapy Clinic / Rehab Center),"Delhi NCR / Metro India, India",Gym / Clinic Owner & Managing Director,+919286978337,N/A,https://www.instagram.com/reel/DakIKsDg8yJ/,Operational clinic/gym facility (suitable for 900–1500+ sq ft integration) with existing wellness clientele and rehab infrastructure,High Priority - Ideal candidate for Nonstop PhysioCare franchise/co-branding integration,Medium,Co-Branding & Clinic Expansion Partnership,"Existing physiotherapy setup in Delhi NCR / Metro India ideal for Nonstop PhysioCare co-branding, tech integration, and extended patient inflow."
